<?xml version="1.0" encoding="UTF-8"?>
<access-roles xmlns="http://www.demandware.com/xml/impex/accessrole/2007-09-05">
    <access-role role-id="Administrator">
        <description>The administrator has the rights to perform tasks related to the overall administration of the merchant organization and its users and roles. This access role is not site-specific and will grant the user access to the entire organization.</description>
        <access-controls>
            <access-control resource-path="BUSINESSMGR/SystemMenu/Sites/-/auditing" permission="ACCESS"/>
            <access-control resource-path="BUSINESSMGR/SystemMenu/Sites/-/cdnManager" permission="ACCESS"/>
            <access-control resource-path="BUSINESSMGR/SystemMenu/Sites/-/contentlibraries_manage" permission="ACCESS"/>
            <access-control resource-path="BUSINESSMGR/SystemMenu/Sites/-/crossCloudTrust" permission="ACCESS"/>
            <access-control resource-path="BUSINESSMGR/SystemMenu/Sites/-/csc_config" permission="ACCESS"/>
            <access-control resource-path="BUSINESSMGR/SystemMenu/Sites/-/customer360" permission="ACCESS"/>
            <access-control resource-path="BUSINESSMGR/SystemMenu/Sites/-/customerlists_batchprocs" permission="ACCESS"/>
            <access-control resource-path="BUSINESSMGR/SystemMenu/Sites/-/customerlists_manage" permission="ACCESS"/>
            <access-control resource-path="BUSINESSMGR/SystemMenu/Sites/-/customization_err" permission="ACCESS"/>
            <access-control resource-path="BUSINESSMGR/SystemMenu/Sites/-/customization_impex" permission="ACCESS"/>
            <access-control resource-path="BUSINESSMGR/SystemMenu/Sites/-/customization_maint" permission="ACCESS"/>
            <access-control resource-path="BUSINESSMGR/SystemMenu/Sites/-/delta_exports" permission="ACCESS"/>
            <access-control resource-path="BUSINESSMGR/SystemMenu/Sites/-/development_deprecated_api" permission="ACCESS"/>
            <access-control resource-path="BUSINESSMGR/SystemMenu/Sites/-/feature_switch_manager" permission="ACCESS"/>
            <access-control resource-path="BUSINESSMGR/SystemMenu/Sites/-/geolocations" permission="ACCESS"/>
            <access-control resource-path="BUSINESSMGR/SystemMenu/Sites/-/global-code-rep-processes" permission="ACCESS"/>
            <access-control resource-path="BUSINESSMGR/SystemMenu/Sites/-/global-data-rep-processes" permission="ACCESS"/>
            <access-control resource-path="BUSINESSMGR/SystemMenu/Sites/-/global-prefs_custom_prefs" permission="ACCESS"/>
            <access-control resource-path="BUSINESSMGR/SystemMenu/Sites/-/global-prefs_einstein_data_privacy" permission="ACCESS"/>
            <access-control resource-path="BUSINESSMGR/SystemMenu/Sites/-/global-prefs_locales" permission="ACCESS"/>
            <access-control resource-path="BUSINESSMGR/SystemMenu/Sites/-/global-prefs_order_search" permission="ACCESS"/>
            <access-control resource-path="BUSINESSMGR/SystemMenu/Sites/-/global-prefs_orders_seriesnumbers" permission="ACCESS"/>
            <access-control resource-path="BUSINESSMGR/SystemMenu/Sites/-/global-prefs_pricing" permission="ACCESS"/>
            <access-control resource-path="BUSINESSMGR/SystemMenu/Sites/-/global-prefs_prodlocking" permission="ACCESS"/>
            <access-control resource-path="BUSINESSMGR/SystemMenu/Sites/-/global-prefs_product_lists" permission="ACCESS"/>
            <access-control resource-path="BUSINESSMGR/SystemMenu/Sites/-/global-prefs_salesforcepayments" permission="ACCESS"/>
            <access-control resource-path="BUSINESSMGR/SystemMenu/Sites/-/global-prefs_salesforcepaymentszones" permission="ACCESS"/>
            <access-control resource-path="BUSINESSMGR/SystemMenu/Sites/-/global-prefs_securityPrefs" permission="ACCESS"/>
            <access-control resource-path="BUSINESSMGR/SystemMenu/Sites/-/global-prefs_timeouts" permission="ACCESS"/>
            <access-control resource-path="BUSINESSMGR/SystemMenu/Sites/-/global-prefs_timeZones" permission="ACCESS"/>
            <access-control resource-path="BUSINESSMGR/SystemMenu/Sites/-/global-prefs_unsafeContentInjectionSettings" permission="ACCESS"/>
            <access-control resource-path="BUSINESSMGR/SystemMenu/Sites/-/impex_settings" permission="ACCESS"/>
            <access-control resource-path="BUSINESSMGR/SystemMenu/Sites/-/instance_setup" permission="ACCESS"/>
            <access-control resource-path="BUSINESSMGR/SystemMenu/Sites/-/jobmonitor" permission="ACCESS"/>
            <access-control resource-path="BUSINESSMGR/SystemMenu/Sites/-/jobschedules" permission="ACCESS"/>
            <access-control resource-path="BUSINESSMGR/SystemMenu/Sites/-/jobsteptypes" permission="ACCESS"/>
            <access-control resource-path="BUSINESSMGR/SystemMenu/Sites/-/oauth-providers" permission="ACCESS"/>
            <access-control resource-path="BUSINESSMGR/SystemMenu/Sites/-/operations_auditing" permission="ACCESS"/>
            <access-control resource-path="BUSINESSMGR/SystemMenu/Sites/-/operations_certificates" permission="ACCESS"/>
            <access-control resource-path="BUSINESSMGR/SystemMenu/Sites/-/operations_custom_caches" permission="ACCESS"/>
            <access-control resource-path="BUSINESSMGR/SystemMenu/Sites/-/operations_customlogging" permission="ACCESS"/>
            <access-control resource-path="BUSINESSMGR/SystemMenu/Sites/-/operations_email" permission="ACCESS"/>
            <access-control resource-path="BUSINESSMGR/SystemMenu/Sites/-/operations_encryption_keys" permission="ACCESS"/>
            <access-control resource-path="BUSINESSMGR/SystemMenu/Sites/-/operations_exportorderjournal" permission="ACCESS"/>
            <access-control resource-path="BUSINESSMGR/SystemMenu/Sites/-/operations_geoip" permission="ACCESS"/>
            <access-control resource-path="BUSINESSMGR/SystemMenu/Sites/-/operations_impex" permission="ACCESS"/>
            <access-control resource-path="BUSINESSMGR/SystemMenu/Sites/-/operations_inventory_integration_status" permission="ACCESS"/>
            <access-control resource-path="BUSINESSMGR/SystemMenu/Sites/-/operations_jobmonitor" permission="ACCESS"/>
            <access-control resource-path="BUSINESSMGR/SystemMenu/Sites/-/operations_jobschedules" permission="ACCESS"/>
            <access-control resource-path="BUSINESSMGR/SystemMenu/Sites/-/operations_jobstatistics" permission="ACCESS"/>
            <access-control resource-path="BUSINESSMGR/SystemMenu/Sites/-/operations_notifications" permission="ACCESS"/>
            <access-control resource-path="BUSINESSMGR/SystemMenu/Sites/-/operations_pipeline_performance" permission="ACCESS"/>
            <access-control resource-path="BUSINESSMGR/SystemMenu/Sites/-/operations_quotastatus" permission="ACCESS"/>
            <access-control resource-path="BUSINESSMGR/SystemMenu/Sites/-/operations_service_maint" permission="ACCESS"/>
            <access-control resource-path="BUSINESSMGR/SystemMenu/Sites/-/operations_services" permission="ACCESS"/>
            <access-control resource-path="BUSINESSMGR/SystemMenu/Sites/-/operations_services_stats" permission="ACCESS"/>
            <access-control resource-path="BUSINESSMGR/SystemMenu/Sites/-/operations_tracing" permission="ACCESS"/>
            <access-control resource-path="BUSINESSMGR/SystemMenu/Sites/-/organization_permission_audit" permission="ACCESS"/>
            <access-control resource-path="BUSINESSMGR/SystemMenu/Sites/-/organization_profile" permission="ACCESS"/>
            <access-control resource-path="BUSINESSMGR/SystemMenu/Sites/-/organization_roles" permission="ACCESS"/>
            <access-control resource-path="BUSINESSMGR/SystemMenu/Sites/-/organization_users" permission="ACCESS"/>
            <access-control resource-path="BUSINESSMGR/SystemMenu/Sites/-/sites_manage" permission="ACCESS"/>
            <access-control resource-path="BUSINESSMGR/SystemMenu/Sites/-/slds_screen" permission="ACCESS"/>
            <access-control resource-path="BUSINESSMGR/SystemMenu/Sites/-/studio_code_deployment" permission="ACCESS"/>
            <access-control resource-path="BUSINESSMGR/SystemMenu/Sites/-/studio_commerce_api" permission="ACCESS"/>
            <access-control resource-path="BUSINESSMGR/SystemMenu/Sites/-/studio_custom_obj" permission="ACCESS"/>
            <access-control resource-path="BUSINESSMGR/SystemMenu/Sites/-/studio_setup" permission="ACCESS"/>
            <access-control resource-path="BUSINESSMGR/SystemMenu/Sites/-/studio_system_obj" permission="ACCESS"/>
            <access-control resource-path="BUSINESSMGR/SystemMenu/Sites/-/wapi_settings" permission="ACCESS"/>
            <access-control resource-path="BUSINESSMGR/SystemMenu/Sites/-/webdavclient_permissions" permission="ACCESS"/>
            <access-control resource-path="LOCALES/*" permission="ACCESS"/>
            <access-control resource-path="OBJECT/Organization/Sites" permission="Delete_All_Catalogs"/>
            <access-control resource-path="OBJECT/Organization/Sites" permission="Manage_All_Catalogs"/>
            <access-control resource-path="OBJECT/Organization/Sites" permission="Manage_All_Libraries"/>
            <access-control resource-path="OBJECT/Organization/Sites" permission="Manage_All_PriceBooks"/>
            <access-control resource-path="OBJECT/Organization/Sites" permission="Manage_Global_Sorting_Rules"/>
            <access-control resource-path="OBJECT/Organization/Sites" permission="Manage_Inventory"/>
            <access-control resource-path="OBJECT/Organization/Sites" permission="Merge_Customers"/>
            <access-control resource-path="OBJECT/Organization/Sites" permission="Modify_Beta_FeatureToggles"/>
            <access-control resource-path="OBJECT/Organization/Sites" permission="Replication_Run_For_Org"/>
            <access-control resource-path="OBJECT/Organization/Sites" permission="View_Coupon_Codes"/>
            <access-control resource-path="OBJECT/Organization/Sites" permission="WebDAV_Manage_Customization"/>
            <access-control resource-path="OBJECT/Organization/Sites" permission="WebDAV_Realm_Access"/>
            <access-control resource-path="OBJECT/Organization/Sites" permission="WebDAV_Security_Logs_Access"/>
            <access-control resource-path="OBJECT/Organization/Sites" permission="WebDAV_Transfer_Files"/>
        </access-controls>
    </access-role>
</access-roles>

